LOCATION,SUBJECT,MEASURE,TIME,Value
Australia,REAL,IDX2015,1970,26.58840416
Australia,REAL,IDX2015,1971,27.71391981
Australia,REAL,IDX2015,1972,29.1157835
Australia,REAL,IDX2015,1973,32.26661153
Australia,REAL,IDX2015,1974,34.25649811
Australia,REAL,IDX2015,1975,32.42406112
Australia,REAL,IDX2015,1976,31.69805426
Australia,REAL,IDX2015,1977,31.09072147
Australia,REAL,IDX2015,1978,30.14783789
Australia,REAL,IDX2015,1979,31.12528706
Australia,REAL,IDX2015,1980,31.88946317
Australia,REAL,IDX2015,1981,33.61028799
Australia,REAL,IDX2015,1982,31.5585848
Australia,REAL,IDX2015,1983,30.52096587
Australia,REAL,IDX2015,1984,31.99544144
Australia,REAL,IDX2015,1985,33.06509543
Australia,REAL,IDX2015,1986,32.70781499
Australia,REAL,IDX2015,1987,32.09301093
Australia,REAL,IDX2015,1988,36.73716682
Australia,REAL,IDX2015,1989,43.05522069
Australia,REAL,IDX2015,1990,41.06058368
Australia,REAL,IDX2015,1991,40.60550568
Australia,REAL,IDX2015,1992,40.4611263
Australia,REAL,IDX2015,1993,40.66160041
Australia,REAL,IDX2015,1994,41.45571796
Australia,REAL,IDX2015,1995,40.82847995
Australia,REAL,IDX2015,1996,40.38285085
Australia,REAL,IDX2015,1997,41.40308749
Australia,REAL,IDX2015,1998,43.84046716
Australia,REAL,IDX2015,1999,46.52184061
Australia,REAL,IDX2015,2000,48.70150006
Australia,REAL,IDX2015,2001,52.38525921
Australia,REAL,IDX2015,2002,60.45271367
Australia,REAL,IDX2015,2003,69.75288308
Australia,REAL,IDX2015,2004,73.02552975
Australia,REAL,IDX2015,2005,72.78956546
Australia,REAL,IDX2015,2006,75.10144855
Australia,REAL,IDX2015,2007,80.49229349
Australia,REAL,IDX2015,2008,81.1244392
Australia,REAL,IDX2015,2009,82.24899014
Australia,REAL,IDX2015,2010,89.88685743
Australia,REAL,IDX2015,2011,85.89626817
Australia,REAL,IDX2015,2012,83.60145634
Australia,REAL,IDX2015,2013,87.02781183
Australia,REAL,IDX2015,2014,93.09257159
Australia,REAL,IDX2015,2015,100
Australia,REAL,IDX2015,2016,104.5232365
Australia,REAL,IDX2015,2017,111.8185435
Australia,REAL,IDX2015,2018,108.4122031
Australia,REAL,IDX2015,2019,102.1840525
Australia,REAL,IDX2015,2020,106.7259042
Austria,REAL,IDX2015,2000,77.9844799
Austria,REAL,IDX2015,2001,76.82123684
Austria,REAL,IDX2015,2002,76.4789492
Austria,REAL,IDX2015,2003,75.52342059
Austria,REAL,IDX2015,2004,72.8276247
Austria,REAL,IDX2015,2005,74.65438869
Austria,REAL,IDX2015,2006,76.12461376
Austria,REAL,IDX2015,2007,77.75697912
Austria,REAL,IDX2015,2008,76.97824238
Austria,REAL,IDX2015,2009,79.71568647
Austria,REAL,IDX2015,2010,85.68940301
Austria,REAL,IDX2015,2011,88.25582067
Austria,REAL,IDX2015,2012,92.53654877
Austria,REAL,IDX2015,2013,95.32974253
Austria,REAL,IDX2015,2014,96.72130517
Austria,REAL,IDX2015,2015,100
Austria,REAL,IDX2015,2016,106.9836796
Austria,REAL,IDX2015,2017,110.6467731
Austria,REAL,IDX2015,2018,113.5310318
Austria,REAL,IDX2015,2019,117.9495075
Austria,REAL,IDX2015,2020,125.5747918
Belgium,REAL,IDX2015,1970,37.69952959
Belgium,REAL,IDX2015,1971,35.51988353
Belgium,REAL,IDX2015,1972,36.57815976
Belgium,REAL,IDX2015,1973,39.40339826
Belgium,REAL,IDX2015,1974,40.18273797
Belgium,REAL,IDX2015,1975,41.2678696
Belgium,REAL,IDX2015,1976,46.37992051
Belgium,REAL,IDX2015,1977,50.39129816
Belgium,REAL,IDX2015,1978,53.99080021
Belgium,REAL,IDX2015,1979,56.36002743
Belgium,REAL,IDX2015,1980,51.32520792
Belgium,REAL,IDX2015,1981,45.18666824
Belgium,REAL,IDX2015,1982,40.61436457
Belgium,REAL,IDX2015,1983,37.31825265
Belgium,REAL,IDX2015,1984,36.05882262
Belgium,REAL,IDX2015,1985,34.85197741
Belgium,REAL,IDX2015,1986,36.34205943
Belgium,REAL,IDX2015,1987,38.03606356
Belgium,REAL,IDX2015,1988,40.62115832
Belgium,REAL,IDX2015,1989,44.54819036
Belgium,REAL,IDX2015,1990,47.96038537
Belgium,REAL,IDX2015,1991,48.63142528
Belgium,REAL,IDX2015,1992,50.93666353
Belgium,REAL,IDX2015,1993,52.31104899
Belgium,REAL,IDX2015,1994,54.43404006
Belgium,REAL,IDX2015,1995,56.02899218
Belgium,REAL,IDX2015,1996,56.88530846
Belgium,REAL,IDX2015,1997,57.43152824
Belgium,REAL,IDX2015,1998,60.39887591
Belgium,REAL,IDX2015,1999,64.44535158
Belgium,REAL,IDX2015,2000,65.71789305
Belgium,REAL,IDX2015,2001,67.32980427
Belgium,REAL,IDX2015,2002,70.90166446
Belgium,REAL,IDX2015,2003,74.67242698
Belgium,REAL,IDX2015,2004,79.17421246
Belgium,REAL,IDX2015,2005,85.96650385
Belgium,REAL,IDX2015,2006,91.82365798
Belgium,REAL,IDX2015,2007,96.40098584
Belgium,REAL,IDX2015,2008,97.5626755
Belgium,REAL,IDX2015,2009,97.90437473
Belgium,REAL,IDX2015,2010,99.10939295
Belgium,REAL,IDX2015,2011,100.23721
Belgium,REAL,IDX2015,2012,100.4529712
Belgium,REAL,IDX2015,2013,100.5616449
Belgium,REAL,IDX2015,2014,99.26253935
Belgium,REAL,IDX2015,2015,100
Belgium,REAL,IDX2015,2016,101.1026687
Belgium,REAL,IDX2015,2017,102.7931964
Belgium,REAL,IDX2015,2018,103.5785135
Belgium,REAL,IDX2015,2019,106.3705466
Belgium,REAL,IDX2015,2020,110.1386568
Canada,REAL,IDX2015,1970,31.2230897
Canada,REAL,IDX2015,1971,31.85571056
Canada,REAL,IDX2015,1972,32.90899876
Canada,REAL,IDX2015,1973,37.15284533
Canada,REAL,IDX2015,1974,42.74739409
Canada,REAL,IDX2015,1975,42.83078419
Canada,REAL,IDX2015,1976,44.38557636
Canada,REAL,IDX2015,1977,42.96353378
Canada,REAL,IDX2015,1978,41.60343238
Canada,REAL,IDX2015,1979,42.07933098
Canada,REAL,IDX2015,1980,43.0110509
Canada,REAL,IDX2015,1981,44.24789012
Canada,REAL,IDX2015,1982,38.0424744
Canada,REAL,IDX2015,1983,37.53282118
Canada,REAL,IDX2015,1984,35.64729708
Canada,REAL,IDX2015,1985,36.1465958
Canada,REAL,IDX2015,1986,40.26132162
Canada,REAL,IDX2015,1987,44.92467138
Canada,REAL,IDX2015,1988,50.82377461
Canada,REAL,IDX2015,1989,55.05467746
Canada,REAL,IDX2015,1990,51.45716614
Canada,REAL,IDX2015,1991,51.31275921
Canada,REAL,IDX2015,1992,51.84677493
Canada,REAL,IDX2015,1993,51.94154649
Canada,REAL,IDX2015,1994,53.09855707
Canada,REAL,IDX2015,1995,49.96589356
Canada,REAL,IDX2015,1996,49.22178398
Canada,REAL,IDX2015,1997,49.76538858
Canada,REAL,IDX2015,1998,48.48343128
Canada,REAL,IDX2015,1999,49.03710438
Canada,REAL,IDX2015,2000,50.01228769
Canada,REAL,IDX2015,2001,51.30432889
Canada,REAL,IDX2015,2002,54.37361873
Canada,REAL,IDX2015,2003,57.93013709
Canada,REAL,IDX2015,2004,61.74933131
Canada,REAL,IDX2015,2005,65.61206628
Canada,REAL,IDX2015,2006,72.38458193
Canada,REAL,IDX2015,2007,79.52843814
Canada,REAL,IDX2015,2008,82.64881223
Canada,REAL,IDX2015,2009,80.20838007
Canada,REAL,IDX2015,2010,86.20785332
Canada,REAL,IDX2015,2011,88.61100667
Canada,REAL,IDX2015,2012,91.6954706
Canada,REAL,IDX2015,2013,92.81692587
Canada,REAL,IDX2015,2014,95.86439982
Canada,REAL,IDX2015,2015,100
Canada,REAL,IDX2015,2016,109.037857
Canada,REAL,IDX2015,2017,120.979999
Canada,REAL,IDX2015,2018,123.8985196
Canada,REAL,IDX2015,2019,123.4258275
Canada,REAL,IDX2015,2020,129.6499492
Czechia,REAL,IDX2015,2008,107.7976928
Czechia,REAL,IDX2015,2009,102.7497312
Czechia,REAL,IDX2015,2010,100.4807888
Czechia,REAL,IDX2015,2011,98.81500972
Czechia,REAL,IDX2015,2012,95.30801688
Czechia,REAL,IDX2015,2013,94.67244733
Czechia,REAL,IDX2015,2014,96.17718267
Czechia,REAL,IDX2015,2015,100
Czechia,REAL,IDX2015,2016,106.7070538
Czechia,REAL,IDX2015,2017,116.5054749
Czechia,REAL,IDX2015,2018,123.4030639
Czechia,REAL,IDX2015,2019,131.0045371
Czechia,REAL,IDX2015,2020,138.2354469
Denmark,REAL,IDX2015,1970,46.38875483
Denmark,REAL,IDX2015,1971,48.86684104
Denmark,REAL,IDX2015,1972,52.76003667
Denmark,REAL,IDX2015,1973,55.65295859
Denmark,REAL,IDX2015,1974,50.61529355
Denmark,REAL,IDX2015,1975,53.93505238
Denmark,REAL,IDX2015,1976,53.75055018
Denmark,REAL,IDX2015,1977,55.63920408
Denmark,REAL,IDX2015,1978,59.79113865
Denmark,REAL,IDX2015,1979,59.98153116
Denmark,REAL,IDX2015,1980,53.68397301
Denmark,REAL,IDX2015,1981,45.76061349
Denmark,REAL,IDX2015,1982,40.53973414
Denmark,REAL,IDX2015,1983,46.10741368
Denmark,REAL,IDX2015,1984,49.79297655
Denmark,REAL,IDX2015,1985,56.1945999
Denmark,REAL,IDX2015,1986,62.24598772
Denmark,REAL,IDX2015,1987,55.14750133
Denmark,REAL,IDX2015,1988,53.57142625
Denmark,REAL,IDX2015,1989,50.75081061
Denmark,REAL,IDX2015,1990,46.15938481
Denmark,REAL,IDX2015,1991,45.47542436
Denmark,REAL,IDX2015,1992,44.21149468
Denmark,REAL,IDX2015,1993,43.31785627
Denmark,REAL,IDX2015,1994,47.4004302
Denmark,REAL,IDX2015,1995,50.06798158
Denmark,REAL,IDX2015,1996,54.49441311
Denmark,REAL,IDX2015,1997,59.67565554
Denmark,REAL,IDX2015,1998,64.07386241
Denmark,REAL,IDX2015,1999,67.12401373
Denmark,REAL,IDX2015,2000,69.54245834
Denmark,REAL,IDX2015,2001,71.92368262
Denmark,REAL,IDX2015,2002,73.16724917
Denmark,REAL,IDX2015,2003,75.89766855
Denmark,REAL,IDX2015,2004,83.22669344
Denmark,REAL,IDX2015,2005,98.20781227
Denmark,REAL,IDX2015,2006,119.2314378
Denmark,REAL,IDX2015,2007,120.358562
Denmark,REAL,IDX2015,2008,110.9304908
Denmark,REAL,IDX2015,2009,96.3972042
Denmark,REAL,IDX2015,2010,96.71193066
Denmark,REAL,IDX2015,2011,92.8779672
Denmark,REAL,IDX2015,2012,88.31942672
Denmark,REAL,IDX2015,2013,90.99273351
Denmark,REAL,IDX2015,2014,93.86202504
Denmark,REAL,IDX2015,2015,100
Denmark,REAL,IDX2015,2016,104.6009355
Denmark,REAL,IDX2015,2017,108.1347114
Denmark,REAL,IDX2015,2018,112.5301135
Denmark,REAL,IDX2015,2019,114.5913952
Denmark,REAL,IDX2015,2020,119.8715369
Finland,REAL,IDX2015,1970,58.59530949
Finland,REAL,IDX2015,1971,57.15112758
Finland,REAL,IDX2015,1972,57.61405721
Finland,REAL,IDX2015,1973,64.79822341
Finland,REAL,IDX2015,1974,65.33975278
Finland,REAL,IDX2015,1975,58.63299256
Finland,REAL,IDX2015,1976,55.16382285
Finland,REAL,IDX2015,1977,51.10951425
Finland,REAL,IDX2015,1978,48.83054434
Finland,REAL,IDX2015,1979,48.08885384
Finland,REAL,IDX2015,1980,49.31994678
Finland,REAL,IDX2015,1981,50.89305713
Finland,REAL,IDX2015,1982,55.15200367
Finland,REAL,IDX2015,1983,61.26221867
Finland,REAL,IDX2015,1984,64.17582009
Finland,REAL,IDX2015,1985,63.45210933
Finland,REAL,IDX2015,1986,63.13610286
Finland,REAL,IDX2015,1987,67.36469107
Finland,REAL,IDX2015,1988,86.05564568
Finland,REAL,IDX2015,1989,102.1799223
Finland,REAL,IDX2015,1990,92.67972941
Finland,REAL,IDX2015,1991,78.01834779
Finland,REAL,IDX2015,1992,64.50167876
Finland,REAL,IDX2015,1993,55.90541381
Finland,REAL,IDX2015,1994,57.8097965
Finland,REAL,IDX2015,1995,56.53767671
Finland,REAL,IDX2015,1996,59.31143513
Finland,REAL,IDX2015,1997,67.37570503
Finland,REAL,IDX2015,1998,72.15379013
Finland,REAL,IDX2015,1999,76.15326819
Finland,REAL,IDX2015,2000,76.80467344
Finland,REAL,IDX2015,2001,73.71549536
Finland,REAL,IDX2015,2002,76.87406664
Finland,REAL,IDX2015,2003,80.9424734
Finland,REAL,IDX2015,2004,87.30296365
Finland,REAL,IDX2015,2005,93.2225418
Finland,REAL,IDX2015,2006,98.34805431
Finland,REAL,IDX2015,2007,102.1810086
Finland,REAL,IDX2015,2008,99.62104787
Finland,REAL,IDX2015,2009,99.16686593
Finland,REAL,IDX2015,2010,103.9408748
Finland,REAL,IDX2015,2011,103.8051388
Finland,REAL,IDX2015,2012,103.3839633
Finland,REAL,IDX2015,2013,102.1030402
Finland,REAL,IDX2015,2014,100.4541905
Finland,REAL,IDX2015,2015,100
Finland,REAL,IDX2015,2016,100.597877
Finland,REAL,IDX2015,2017,101.124648
Finland,REAL,IDX2015,2018,100.8758234
Finland,REAL,IDX2015,2019,100.8961839
Finland,REAL,IDX2015,2020,102.1710934
France,REAL,IDX2015,1970,41.90226655
France,REAL,IDX2015,1971,40.38313287
France,REAL,IDX2015,1972,42.89390159
France,REAL,IDX2015,1973,44.43025645
France,REAL,IDX2015,1974,45.88632571
France,REAL,IDX2015,1975,45.43657993
France,REAL,IDX2015,1976,47.61314389
France,REAL,IDX2015,1977,49.78943541
France,REAL,IDX2015,1978,50.6272781
France,REAL,IDX2015,1979,51.90853922
France,REAL,IDX2015,1980,55.16221068
France,REAL,IDX2015,1981,54.92070608
France,REAL,IDX2015,1982,51.62666031
France,REAL,IDX2015,1983,48.67425106
France,REAL,IDX2015,1984,45.95014388
France,REAL,IDX2015,1985,45.95944215
France,REAL,IDX2015,1986,48.20847845
France,REAL,IDX2015,1987,51.48160158
France,REAL,IDX2015,1988,55.04043031
France,REAL,IDX2015,1989,57.60594991
France,REAL,IDX2015,1990,60.17766566
France,REAL,IDX2015,1991,60.59041944
France,REAL,IDX2015,1992,57.92909514
France,REAL,IDX2015,1993,56.57878491
France,REAL,IDX2015,1994,55.89516336
France,REAL,IDX2015,1995,53.1837142
France,REAL,IDX2015,1996,51.83238208
France,REAL,IDX2015,1997,51.22094016
France,REAL,IDX2015,1998,52.1173706
France,REAL,IDX2015,1999,55.99489495
France,REAL,IDX2015,2000,59.53962298
France,REAL,IDX2015,2001,62.9963715
France,REAL,IDX2015,2002,67.86159187
France,REAL,IDX2015,2003,74.6614692
France,REAL,IDX2015,2004,84.08043616
France,REAL,IDX2015,2005,95.32854536
France,REAL,IDX2015,2006,104.5567411
France,REAL,IDX2015,2007,109.078238
France,REAL,IDX2015,2008,107.1393851
France,REAL,IDX2015,2009,101.0146042
France,REAL,IDX2015,2010,105.0123136
France,REAL,IDX2015,2011,109.2428481
France,REAL,IDX2015,2012,107.1353304
France,REAL,IDX2015,2013,104.2129759
France,REAL,IDX2015,2014,102.2118985
France,REAL,IDX2015,2015,100
France,REAL,IDX2015,2016,100.6832425
France,REAL,IDX2015,2017,102.8863743
France,REAL,IDX2015,2018,104.2770869
France,REAL,IDX2015,2019,106.8109828
France,REAL,IDX2015,2020,111.921628
Germany,REAL,IDX2015,1970,102.213993
Germany,REAL,IDX2015,1971,106.2473737
Germany,REAL,IDX2015,1972,108.082956
Germany,REAL,IDX2015,1973,107.6108782
Germany,REAL,IDX2015,1974,106.8057987
Germany,REAL,IDX2015,1975,103.218704
Germany,REAL,IDX2015,1976,101.6576933
Germany,REAL,IDX2015,1977,104.479093
Germany,REAL,IDX2015,1978,109.9128977
Germany,REAL,IDX2015,1979,113.1115148
Germany,REAL,IDX2015,1980,113.9716013
Germany,REAL,IDX2015,1981,114.8536003
Germany,REAL,IDX2015,1982,110.434607
Germany,REAL,IDX2015,1983,107.3468576
Germany,REAL,IDX2015,1984,102.4420695
Germany,REAL,IDX2015,1985,99.80103012
Germany,REAL,IDX2015,1986,101.129988
Germany,REAL,IDX2015,1987,100.4102695
Germany,REAL,IDX2015,1988,100.2778991
Germany,REAL,IDX2015,1989,99.65079104
Germany,REAL,IDX2015,1990,104.3890704
Germany,REAL,IDX2015,1991,105.9940358
Germany,REAL,IDX2015,1992,107.1791088
Germany,REAL,IDX2015,1993,108.0454935
Germany,REAL,IDX2015,1994,110.1115725
Germany,REAL,IDX2015,1995,110.2633172
Germany,REAL,IDX2015,1996,108.0782226
Germany,REAL,IDX2015,1997,105.0031789
Germany,REAL,IDX2015,1998,103.7623227
Germany,REAL,IDX2015,1999,103.2248348
Germany,REAL,IDX2015,2000,102.744658
Germany,REAL,IDX2015,2001,100.7061587
Germany,REAL,IDX2015,2002,98.12858752
Germany,REAL,IDX2015,2003,97.07381941
Germany,REAL,IDX2015,2004,94.52077679
Germany,REAL,IDX2015,2005,94.66742599
Germany,REAL,IDX2015,2006,93.09884123
Germany,REAL,IDX2015,2007,89.43280508
Germany,REAL,IDX2015,2008,88.90440403
Germany,REAL,IDX2015,2009,89.56828936
Germany,REAL,IDX2015,2010,89.01817159
Germany,REAL,IDX2015,2011,90.5186767
Germany,REAL,IDX2015,2012,92.34390339
Germany,REAL,IDX2015,2013,93.95010228
Germany,REAL,IDX2015,2014,96.02609043
Germany,REAL,IDX2015,2015,100
Germany,REAL,IDX2015,2016,106.771405
Germany,REAL,IDX2015,2017,111.6201944
Germany,REAL,IDX2015,2018,117.3135864
Germany,REAL,IDX2015,2019,122.4790567
Germany,REAL,IDX2015,2020,131.1407845
Greece,REAL,IDX2015,1997,82.58518042
Greece,REAL,IDX2015,1998,96.2464068
Greece,REAL,IDX2015,1999,100.4321975
Greece,REAL,IDX2015,2000,111.1828035
Greece,REAL,IDX2015,2001,125.2150802
Greece,REAL,IDX2015,2002,139.4835166
Greece,REAL,IDX2015,2003,143.4157799
Greece,REAL,IDX2015,2004,142.0263075
Greece,REAL,IDX2015,2005,152.9424474
Greece,REAL,IDX2015,2006,167.3918746
Greece,REAL,IDX2015,2007,171.5548427
Greece,REAL,IDX2015,2008,166.8093066
Greece,REAL,IDX2015,2009,158.1270413
Greece,REAL,IDX2015,2010,151.7634204
Greece,REAL,IDX2015,2011,139.2695172
Greece,REAL,IDX2015,2012,121.7208027
Greece,REAL,IDX2015,2013,110.3237391
Greece,REAL,IDX2015,2014,104.0255385
Greece,REAL,IDX2015,2015,100
Greece,REAL,IDX2015,2016,98.47280962
Greece,REAL,IDX2015,2017,96.96432349
Greece,REAL,IDX2015,2018,98.762464
Greece,REAL,IDX2015,2019,105.8307322
Greece,REAL,IDX2015,2020,112.1844743
Hungary,REAL,IDX2015,2007,127.606692
Hungary,REAL,IDX2015,2008,123.5407177
Hungary,REAL,IDX2015,2009,112.3397265
Hungary,REAL,IDX2015,2010,106.0579927
Hungary,REAL,IDX2015,2011,99.09054481
Hungary,REAL,IDX2015,2012,90.29037167
Hungary,REAL,IDX2015,2013,86.46009592
Hungary,REAL,IDX2015,2014,88.90303867
Hungary,REAL,IDX2015,2015,100
Hungary,REAL,IDX2015,2016,112.2611584
Hungary,REAL,IDX2015,2017,121.9387279
Hungary,REAL,IDX2015,2018,134.9500917
Hungary,REAL,IDX2015,2019,151.2277396
Hungary,REAL,IDX2015,2020,153.6705688
Iceland,REAL,IDX2015,2001,73.973911
Iceland,REAL,IDX2015,2002,73.5440148
Iceland,REAL,IDX2015,2003,81.25533583
Iceland,REAL,IDX2015,2004,86.83328056
Iceland,REAL,IDX2015,2005,110.1213088
Iceland,REAL,IDX2015,2006,119.9435218
Iceland,REAL,IDX2015,2007,125.2440925
Iceland,REAL,IDX2015,2008,116.2214462
Iceland,REAL,IDX2015,2009,90.751675
Iceland,REAL,IDX2015,2010,84.63954366
Iceland,REAL,IDX2015,2011,85.42774037
Iceland,REAL,IDX2015,2012,86.28876408
Iceland,REAL,IDX2015,2013,88.00143644
Iceland,REAL,IDX2015,2014,93.07076485
Iceland,REAL,IDX2015,2015,100
Iceland,REAL,IDX2015,2016,108.6895506
Iceland,REAL,IDX2015,2017,131.1498933
Iceland,REAL,IDX2015,2018,137.7262111
Iceland,REAL,IDX2015,2019,137.8946077
Iceland,REAL,IDX2015,2020,143.309186
Ireland,REAL,IDX2015,1970,32.7355948
Ireland,REAL,IDX2015,1971,33.57857776
Ireland,REAL,IDX2015,1972,33.63584843
Ireland,REAL,IDX2015,1973,32.6870489
Ireland,REAL,IDX2015,1974,34.20214865
Ireland,REAL,IDX2015,1975,35.45575639
Ireland,REAL,IDX2015,1976,35.28998885
Ireland,REAL,IDX2015,1977,36.88461437
Ireland,REAL,IDX2015,1978,45.70224775
Ireland,REAL,IDX2015,1979,49.68101508
Ireland,REAL,IDX2015,1980,47.04992875
Ireland,REAL,IDX2015,1981,47.67382244
Ireland,REAL,IDX2015,1982,44.52030362
Ireland,REAL,IDX2015,1983,43.86066834
Ireland,REAL,IDX2015,1984,42.65465847
Ireland,REAL,IDX2015,1985,41.08976557
Ireland,REAL,IDX2015,1986,40.40672734
Ireland,REAL,IDX2015,1987,39.05648269
Ireland,REAL,IDX2015,1988,40.97350504
Ireland,REAL,IDX2015,1989,42.52353928
Ireland,REAL,IDX2015,1990,47.43459429
Ireland,REAL,IDX2015,1991,47.50186987
Ireland,REAL,IDX2015,1992,47.01396986
Ireland,REAL,IDX2015,1993,46.96694535
Ireland,REAL,IDX2015,1994,47.92027551
Ireland,REAL,IDX2015,1995,49.5565407
Ireland,REAL,IDX2015,1996,52.02461049
Ireland,REAL,IDX2015,1997,58.13515268
Ireland,REAL,IDX2015,1998,69.40056007
Ireland,REAL,IDX2015,1999,81.97984958
Ireland,REAL,IDX2015,2000,94.35703051
Ireland,REAL,IDX2015,2001,102.2704611
Ireland,REAL,IDX2015,2002,104.5449516
Ireland,REAL,IDX2015,2003,115.6016221
Ireland,REAL,IDX2015,2004,126.5830691
Ireland,REAL,IDX2015,2005,135.2941804
Ireland,REAL,IDX2015,2006,151.2468732
Ireland,REAL,IDX2015,2007,157.5954334
Ireland,REAL,IDX2015,2008,145.3331641
Ireland,REAL,IDX2015,2009,126.6255829
Ireland,REAL,IDX2015,2010,111.2304455
Ireland,REAL,IDX2015,2011,91.27446522
Ireland,REAL,IDX2015,2012,78.18642479
Ireland,REAL,IDX2015,2013,78.41865704
Ireland,REAL,IDX2015,2014,90.67211834
Ireland,REAL,IDX2015,2015,100
Ireland,REAL,IDX2015,2016,107.0116264
Ireland,REAL,IDX2015,2017,117.385868
Ireland,REAL,IDX2015,2018,126.9100337
Ireland,REAL,IDX2015,2019,127.3350488
Ireland,REAL,IDX2015,2020,127.2462391
Italy,REAL,IDX2015,1970,61.43076524
Italy,REAL,IDX2015,1971,61.6086132
Italy,REAL,IDX2015,1972,61.04060785
Italy,REAL,IDX2015,1973,60.40548141
Italy,REAL,IDX2015,1974,84.56172091
Italy,REAL,IDX2015,1975,80.90060883
Italy,REAL,IDX2015,1976,85.06848145
Italy,REAL,IDX2015,1977,85.04180875
Italy,REAL,IDX2015,1978,86.59724859
Italy,REAL,IDX2015,1979,91.9731435
Italy,REAL,IDX2015,1980,94.17968923
Italy,REAL,IDX2015,1981,109.7767495
Italy,REAL,IDX2015,1982,105.8154253
Italy,REAL,IDX2015,1983,94.89433172
Italy,REAL,IDX2015,1984,84.267567
Italy,REAL,IDX2015,1985,75.62707701
Italy,REAL,IDX2015,1986,73.65428961
Italy,REAL,IDX2015,1987,75.94778173
Italy,REAL,IDX2015,1988,79.53096056
Italy,REAL,IDX2015,1989,98.19126972
Italy,REAL,IDX2015,1990,112.1337091
Italy,REAL,IDX2015,1991,116.5933466
Italy,REAL,IDX2015,1992,117.734512
Italy,REAL,IDX2015,1993,112.0305764
Italy,REAL,IDX2015,1994,103.5683713
Italy,REAL,IDX2015,1995,98.38478227
Italy,REAL,IDX2015,1996,91.39540616
Italy,REAL,IDX2015,1997,85.47922935
Italy,REAL,IDX2015,1998,85.63993097
Italy,REAL,IDX2015,1999,88.93218944
Italy,REAL,IDX2015,2000,93.38451332
Italy,REAL,IDX2015,2001,98.52250732
Italy,REAL,IDX2015,2002,104.8768405
Italy,REAL,IDX2015,2003,112.2279334
Italy,REAL,IDX2015,2004,120.4459778
Italy,REAL,IDX2015,2005,126.9982861
Italy,REAL,IDX2015,2006,131.6335004
Italy,REAL,IDX2015,2007,135.3887751
Italy,REAL,IDX2015,2008,133.4097885
Italy,REAL,IDX2015,2009,129.2394037
Italy,REAL,IDX2015,2010,126.6321552
Italy,REAL,IDX2015,2011,124.7058221
Italy,REAL,IDX2015,2012,118.4262897
Italy,REAL,IDX2015,2013,109.5367466
Italy,REAL,IDX2015,2014,104.1095482
Italy,REAL,IDX2015,2015,100
Italy,REAL,IDX2015,2016,100.1419996
Italy,REAL,IDX2015,2017,98.01907003
Italy,REAL,IDX2015,2018,96.55882575
Italy,REAL,IDX2015,2019,95.98646138
Italy,REAL,IDX2015,2020,98.04188385
Japan,REAL,IDX2015,1960,30.23408783
Japan,REAL,IDX2015,1961,39.16775467
Japan,REAL,IDX2015,1962,44.26857635
Japan,REAL,IDX2015,1963,46.93733446
Japan,REAL,IDX2015,1964,51.5251094
Japan,REAL,IDX2015,1965,53.59899402
Japan,REAL,IDX2015,1966,54.83237188
Japan,REAL,IDX2015,1967,59.71741669
Japan,REAL,IDX2015,1968,66.84420255
Japan,REAL,IDX2015,1969,77.73792904
Japan,REAL,IDX2015,1970,87.52361259
Japan,REAL,IDX2015,1971,95.19783102
Japan,REAL,IDX2015,1972,105.4520738
Japan,REAL,IDX2015,1973,126.1529723
Japan,REAL,IDX2015,1974,118.8141131
Japan,REAL,IDX2015,1975,102.2230299
Japan,REAL,IDX2015,1976,95.33168468
Japan,REAL,IDX2015,1977,92.50227355
Japan,REAL,IDX2015,1978,93.36926515
Japan,REAL,IDX2015,1979,98.63119835
Japan,REAL,IDX2015,1980,103.7817885
Japan,REAL,IDX2015,1981,110.1459674
Japan,REAL,IDX2015,1982,115.7329897
Japan,REAL,IDX2015,1983,119.018545
Japan,REAL,IDX2015,1984,120.2568199
Japan,REAL,IDX2015,1985,121.3268443
Japan,REAL,IDX2015,1986,123.9851359
Japan,REAL,IDX2015,1987,132.8771345
Japan,REAL,IDX2015,1988,140.0602192
Japan,REAL,IDX2015,1989,147.956806
Japan,REAL,IDX2015,1990,163.899346
Japan,REAL,IDX2015,1991,166.3421874
Japan,REAL,IDX2015,1992,157.2637805
Japan,REAL,IDX2015,1993,148.972764
Japan,REAL,IDX2015,1994,144.7474065
Japan,REAL,IDX2015,1995,142.9117827
Japan,REAL,IDX2015,1996,140.0819296
Japan,REAL,IDX2015,1997,136.4422023
Japan,REAL,IDX2015,1998,134.0158618
Japan,REAL,IDX2015,1999,130.5893223
Japan,REAL,IDX2015,2000,126.8638349
Japan,REAL,IDX2015,2001,122.9092796
Japan,REAL,IDX2015,2002,118.0753022
Japan,REAL,IDX2015,2003,111.9162166
Japan,REAL,IDX2015,2004,105.7117633
Japan,REAL,IDX2015,2005,101.3701552
Japan,REAL,IDX2015,2006,98.36605023
Japan,REAL,IDX2015,2007,97.71653028
Japan,REAL,IDX2015,2008,97.49930787
Japan,REAL,IDX2015,2009,93.85029182
Japan,REAL,IDX2015,2010,96.64077374
Japan,REAL,IDX2015,2011,97.17487725
Japan,REAL,IDX2015,2012,96.91080408
Japan,REAL,IDX2015,2013,98.65608099
Japan,REAL,IDX2015,2014,98.19832134
Japan,REAL,IDX2015,2015,100
Japan,REAL,IDX2015,2016,102.5590395
Japan,REAL,IDX2015,2017,104.7619553
Japan,REAL,IDX2015,2018,106.0453376
Japan,REAL,IDX2015,2019,107.2016728
Japan,REAL,IDX2015,2020,107.0503767
South Korea,REAL,IDX2015,1986,128.3907165
South Korea,REAL,IDX2015,1987,124.2147349
South Korea,REAL,IDX2015,1988,136.0065353
South Korea,REAL,IDX2015,1989,146.272471
South Korea,REAL,IDX2015,1990,157.0686341
South Korea,REAL,IDX2015,1991,156.2411534
South Korea,REAL,IDX2015,1992,134.8079688
South Korea,REAL,IDX2015,1993,122.1143295
South Korea,REAL,IDX2015,1994,109.6097215
South Korea,REAL,IDX2015,1995,102.9142737
South Korea,REAL,IDX2015,1996,96.99411569
South Korea,REAL,IDX2015,1997,93.98071215
South Korea,REAL,IDX2015,1998,80.43757089
South Korea,REAL,IDX2015,1999,77.31842441
South Korea,REAL,IDX2015,2000,75.40751337
South Korea,REAL,IDX2015,2001,75.16409127
South Korea,REAL,IDX2015,2002,84.99454352
South Korea,REAL,IDX2015,2003,89.77738343
South Korea,REAL,IDX2015,2004,87.6813596
South Korea,REAL,IDX2015,2005,86.75268785
South Korea,REAL,IDX2015,2006,91.19592759
South Korea,REAL,IDX2015,2007,98.50455175
South Korea,REAL,IDX2015,2008,101.0658416
South Korea,REAL,IDX2015,2009,99.51454824
South Korea,REAL,IDX2015,2010,99.12888475
South Korea,REAL,IDX2015,2011,100.3950441
South Korea,REAL,IDX2015,2012,99.51793636
South Korea,REAL,IDX2015,2013,97.54110728
South Korea,REAL,IDX2015,2014,98.13725981
South Korea,REAL,IDX2015,2015,100
South Korea,REAL,IDX2015,2016,100.5135405
South Korea,REAL,IDX2015,2017,100.0048194
South Korea,REAL,IDX2015,2018,100.1586731
South Korea,REAL,IDX2015,2019,99.3208486
South Korea,REAL,IDX2015,2020,101.6542733
Luxembourg,REAL,IDX2015,2007,83.06296382
Luxembourg,REAL,IDX2015,2008,83.24036602
Luxembourg,REAL,IDX2015,2009,82.70036477
Luxembourg,REAL,IDX2015,2010,86.12450048
Luxembourg,REAL,IDX2015,2011,86.67066197
Luxembourg,REAL,IDX2015,2012,88.52306469
Luxembourg,REAL,IDX2015,2013,91.42416677
Luxembourg,REAL,IDX2015,2014,94.97442011
Luxembourg,REAL,IDX2015,2015,100
Luxembourg,REAL,IDX2015,2016,105.6821696
Luxembourg,REAL,IDX2015,2017,109.61517
Luxembourg,REAL,IDX2015,2018,114.8885049
Luxembourg,REAL,IDX2015,2019,124.1093623
Luxembourg,REAL,IDX2015,2020,140.6967791
Mexico,REAL,IDX2015,2005,91.22976978
Mexico,REAL,IDX2015,2006,93.0481579
Mexico,REAL,IDX2015,2007,95.05507783
Mexico,REAL,IDX2015,2008,95.58826887
Mexico,REAL,IDX2015,2009,97.41899779
Mexico,REAL,IDX2015,2010,95.22576106
Mexico,REAL,IDX2015,2011,95.69788738
Mexico,REAL,IDX2015,2012,93.80586014
Mexico,REAL,IDX2015,2013,94.94026654
Mexico,REAL,IDX2015,2014,95.0068387
Mexico,REAL,IDX2015,2015,100
Mexico,REAL,IDX2015,2016,102.4682978
Mexico,REAL,IDX2015,2017,105.0867849
Mexico,REAL,IDX2015,2018,110.1468507
Mexico,REAL,IDX2015,2019,115.2752281
Mexico,REAL,IDX2015,2020,117.8039788
Netherlands,REAL,IDX2015,1970,41.31505992
Netherlands,REAL,IDX2015,1971,43.07591227
Netherlands,REAL,IDX2015,1972,43.85987474
Netherlands,REAL,IDX2015,1973,45.43665154
Netherlands,REAL,IDX2015,1974,46.30213867
Netherlands,REAL,IDX2015,1975,47.38520348
Netherlands,REAL,IDX2015,1976,56.82590541
Netherlands,REAL,IDX2015,1977,74.2341078
Netherlands,REAL,IDX2015,1978,77.28701995
Netherlands,REAL,IDX2015,1979,69.92336839
Netherlands,REAL,IDX2015,1980,60.04544482
Netherlands,REAL,IDX2015,1981,50.76264209
Netherlands,REAL,IDX2015,1982,42.9635075
Netherlands,REAL,IDX2015,1983,42.50072699
Netherlands,REAL,IDX2015,1984,41.32386868
Netherlands,REAL,IDX2015,1985,40.4021727
Netherlands,REAL,IDX2015,1986,42.241482
Netherlands,REAL,IDX2015,1987,44.09927361
Netherlands,REAL,IDX2015,1988,45.39772504
Netherlands,REAL,IDX2015,1989,47.60968291
Netherlands,REAL,IDX2015,1990,47.89513027
Netherlands,REAL,IDX2015,1991,47.42131617
Netherlands,REAL,IDX2015,1992,49.8521717
Netherlands,REAL,IDX2015,1993,52.8081843
Netherlands,REAL,IDX2015,1994,57.84086018
Netherlands,REAL,IDX2015,1995,60.72478265
Netherlands,REAL,IDX2015,1996,66.01210941
Netherlands,REAL,IDX2015,1997,72.25702304
Netherlands,REAL,IDX2015,1998,78.68011327
Netherlands,REAL,IDX2015,1999,89.90449562
Netherlands,REAL,IDX2015,2000,103.1898916
Netherlands,REAL,IDX2015,2001,111.0687053
Netherlands,REAL,IDX2015,2002,114.3283847
Netherlands,REAL,IDX2015,2003,115.7542382
Netherlands,REAL,IDX2015,2004,119.0946488
Netherlands,REAL,IDX2015,2005,121.4290594
Netherlands,REAL,IDX2015,2006,123.2522749
Netherlands,REAL,IDX2015,2007,126.6226858
Netherlands,REAL,IDX2015,2008,126.7662951
Netherlands,REAL,IDX2015,2009,122.9563418
Netherlands,REAL,IDX2015,2010,118.8850614
Netherlands,REAL,IDX2015,2011,114.1105748
Netherlands,REAL,IDX2015,2012,105.0972637
Netherlands,REAL,IDX2015,2013,96.77419258
Netherlands,REAL,IDX2015,2014,96.71772976
Netherlands,REAL,IDX2015,2015,100
Netherlands,REAL,IDX2015,2016,104.4484419
Netherlands,REAL,IDX2015,2017,110.8145864
Netherlands,REAL,IDX2015,2018,118.688652
Netherlands,REAL,IDX2015,2019,124.0864618
Netherlands,REAL,IDX2015,2020,131.4912644
New Zealand,REAL,IDX2015,1970,25.4924348
New Zealand,REAL,IDX2015,1971,24.80308734
New Zealand,REAL,IDX2015,1972,26.74510112
New Zealand,REAL,IDX2015,1973,31.73263577
New Zealand,REAL,IDX2015,1974,40.61991736
New Zealand,REAL,IDX2015,1975,38.63719963
New Zealand,REAL,IDX2015,1976,34.72088211
New Zealand,REAL,IDX2015,1977,31.95890694
New Zealand,REAL,IDX2015,1978,29.45032653
New Zealand,REAL,IDX2015,1979,26.48984267
New Zealand,REAL,IDX2015,1980,24.49495904
New Zealand,REAL,IDX2015,1981,26.13072529
New Zealand,REAL,IDX2015,1982,29.6708087
New Zealand,REAL,IDX2015,1983,30.90216524
New Zealand,REAL,IDX2015,1984,31.9621889
New Zealand,REAL,IDX2015,1985,31.27494955
New Zealand,REAL,IDX2015,1986,30.78878749
New Zealand,REAL,IDX2015,1987,32.51693949
New Zealand,REAL,IDX2015,1988,34.61750332
New Zealand,REAL,IDX2015,1989,34.96188482
New Zealand,REAL,IDX2015,1990,34.9262747
New Zealand,REAL,IDX2015,1991,33.29742083
New Zealand,REAL,IDX2015,1992,33.01428255
New Zealand,REAL,IDX2015,1993,34.17944414
New Zealand,REAL,IDX2015,1994,38.49982285
New Zealand,REAL,IDX2015,1995,41.18220999
New Zealand,REAL,IDX2015,1996,44.45208743
New Zealand,REAL,IDX2015,1997,46.5265823
New Zealand,REAL,IDX2015,1998,45.03998298
New Zealand,REAL,IDX2015,1999,45.60143342
New Zealand,REAL,IDX2015,2000,44.52490362
New Zealand,REAL,IDX2015,2001,44.39650342
New Zealand,REAL,IDX2015,2002,48.10232619
New Zealand,REAL,IDX2015,2003,57.22011052
New Zealand,REAL,IDX2015,2004,66.56296842
New Zealand,REAL,IDX2015,2005,74.54802382
New Zealand,REAL,IDX2015,2006,79.74206805
New Zealand,REAL,IDX2015,2007,87.01948886
New Zealand,REAL,IDX2015,2008,80.21158497
New Zealand,REAL,IDX2015,2009,76.8790637
New Zealand,REAL,IDX2015,2010,77.40819967
New Zealand,REAL,IDX2015,2011,75.76431118
New Zealand,REAL,IDX2015,2012,78.5349935
New Zealand,REAL,IDX2015,2013,84.95962051
New Zealand,REAL,IDX2015,2014,89.68248441
New Zealand,REAL,IDX2015,2015,100
New Zealand,REAL,IDX2015,2016,113.4045878
New Zealand,REAL,IDX2015,2017,118.890406
New Zealand,REAL,IDX2015,2018,121.506117
New Zealand,REAL,IDX2015,2019,123.3529463
New Zealand,REAL,IDX2015,2020,133.0927628
Norway,REAL,IDX2015,1970,31.59887137
Norway,REAL,IDX2015,1971,30.74255485
Norway,REAL,IDX2015,1972,30.30323561
Norway,REAL,IDX2015,1973,30.77530382
Norway,REAL,IDX2015,1974,32.45360857
Norway,REAL,IDX2015,1975,32.65169813
Norway,REAL,IDX2015,1976,32.84518058
Norway,REAL,IDX2015,1977,33.33272714
Norway,REAL,IDX2015,1978,32.31061342
Norway,REAL,IDX2015,1979,31.89663226
Norway,REAL,IDX2015,1980,32.12088257
Norway,REAL,IDX2015,1981,31.29782868
Norway,REAL,IDX2015,1982,30.71836294
Norway,REAL,IDX2015,1983,30.29808259
Norway,REAL,IDX2015,1984,32.57597159
Norway,REAL,IDX2015,1985,37.16283645
Norway,REAL,IDX2015,1986,45.53438693
Norway,REAL,IDX2015,1987,45.22877617
Norway,REAL,IDX2015,1988,44.33213079
Norway,REAL,IDX2015,1989,39.57189745
Norway,REAL,IDX2015,1990,35.08199268
Norway,REAL,IDX2015,1991,31.74599496
Norway,REAL,IDX2015,1992,29.48239068
Norway,REAL,IDX2015,1993,29.03230095
Norway,REAL,IDX2015,1994,32.54301419
Norway,REAL,IDX2015,1995,34.13738408
Norway,REAL,IDX2015,1996,36.74644874
Norway,REAL,IDX2015,1997,40.17320342
Norway,REAL,IDX2015,1998,43.53784423
Norway,REAL,IDX2015,1999,47.42337102
Norway,REAL,IDX2015,2000,53.4424237
Norway,REAL,IDX2015,2001,55.9025531
Norway,REAL,IDX2015,2002,57.89544699
Norway,REAL,IDX2015,2003,57.22766765
Norway,REAL,IDX2015,2004,62.31094509
Norway,REAL,IDX2015,2005,66.69241473
Norway,REAL,IDX2015,2006,74.45994464
Norway,REAL,IDX2015,2007,82.77586132
Norway,REAL,IDX2015,2008,79.16758814
Norway,REAL,IDX2015,2009,78.69196266
Norway,REAL,IDX2015,2010,83.42872603
Norway,REAL,IDX2015,2011,89.12008646
Norway,REAL,IDX2015,2012,94.17840057
Norway,REAL,IDX2015,2013,96.01877494
Norway,REAL,IDX2015,2014,96.44699346
Norway,REAL,IDX2015,2015,100
Norway,REAL,IDX2015,2016,103.8258867
Norway,REAL,IDX2015,2017,106.8974799
Norway,REAL,IDX2015,2018,106.1559864
Norway,REAL,IDX2015,2019,106.3640864
Norway,REAL,IDX2015,2020,108.8531919
Poland,REAL,IDX2015,2005,68.52976402
Poland,REAL,IDX2015,2006,92.25391303
Poland,REAL,IDX2015,2007,134.275722
Poland,REAL,IDX2015,2008,128.0262627
Poland,REAL,IDX2015,2009,121.1385668
Poland,REAL,IDX2015,2010,113.892975
Poland,REAL,IDX2015,2011,108.5172175
Poland,REAL,IDX2015,2012,101.1809134
Poland,REAL,IDX2015,2013,96.28692859
Poland,REAL,IDX2015,2014,97.43421805
Poland,REAL,IDX2015,2015,100
Poland,REAL,IDX2015,2016,102.28397
Poland,REAL,IDX2015,2017,104.1122334
Poland,REAL,IDX2015,2018,109.1717142
Poland,REAL,IDX2015,2019,115.8739186
Poland,REAL,IDX2015,2020,123.9799309
Portugal,REAL,IDX2015,1988,115.7602025
Portugal,REAL,IDX2015,1989,121.2393849
Portugal,REAL,IDX2015,1990,125.0047073
Portugal,REAL,IDX2015,1991,133.453924
Portugal,REAL,IDX2015,1992,137.46275
Portugal,REAL,IDX2015,1993,130.2455158
Portugal,REAL,IDX2015,1994,126.1056905
Portugal,REAL,IDX2015,1995,122.8083819
Portugal,REAL,IDX2015,1996,121.3469929
Portugal,REAL,IDX2015,1997,122.0400531
Portugal,REAL,IDX2015,1998,124.4228244
Portugal,REAL,IDX2015,1999,132.3009502
Portugal,REAL,IDX2015,2000,137.4193334
Portugal,REAL,IDX2015,2001,139.5530025
Portugal,REAL,IDX2015,2002,135.6994147
Portugal,REAL,IDX2015,2003,132.4212186
Portugal,REAL,IDX2015,2004,130.2251864
Portugal,REAL,IDX2015,2005,128.2541017
Portugal,REAL,IDX2015,2006,126.4921113
Portugal,REAL,IDX2015,2007,122.9272965
Portugal,REAL,IDX2015,2008,112.0325628
Portugal,REAL,IDX2015,2009,114.4815344
Portugal,REAL,IDX2015,2010,113.2829093
Portugal,REAL,IDX2015,2011,105.9155655
Portugal,REAL,IDX2015,2012,96.66917352
Portugal,REAL,IDX2015,2013,94.11819645
Portugal,REAL,IDX2015,2014,97.89531787
Portugal,REAL,IDX2015,2015,100
Portugal,REAL,IDX2015,2016,106.0613258
Portugal,REAL,IDX2015,2017,114.0712582
Portugal,REAL,IDX2015,2018,123.8626437
Portugal,REAL,IDX2015,2019,134.5108861
Portugal,REAL,IDX2015,2020,144.4990147
Slovakia,REAL,IDX2015,2005,80.34457257
Slovakia,REAL,IDX2015,2006,89.45941434
Slovakia,REAL,IDX2015,2007,112.3697621
Slovakia,REAL,IDX2015,2008,126.8621612
Slovakia,REAL,IDX2015,2009,110.6282671
Slovakia,REAL,IDX2015,2010,105.1441593
Slovakia,REAL,IDX2015,2011,99.72956649
Slovakia,REAL,IDX2015,2012,93.75775161
Slovakia,REAL,IDX2015,2013,93.3940361
Slovakia,REAL,IDX2015,2014,94.82792089
Slovakia,REAL,IDX2015,2015,100
Slovakia,REAL,IDX2015,2016,106.9893755
Slovakia,REAL,IDX2015,2017,111.8291781
Slovakia,REAL,IDX2015,2018,117.3131082
Slovakia,REAL,IDX2015,2019,124.5982463
Slovakia,REAL,IDX2015,2020,133.5422385
Spain,REAL,IDX2015,1971,35.14062252
Spain,REAL,IDX2015,1972,34.58085852
Spain,REAL,IDX2015,1973,37.70817819
Spain,REAL,IDX2015,1974,43.69824214
Spain,REAL,IDX2015,1975,40.87458832
Spain,REAL,IDX2015,1976,40.91996381
Spain,REAL,IDX2015,1977,45.20198351
Spain,REAL,IDX2015,1978,50.38998126
Spain,REAL,IDX2015,1979,45.66639134
Spain,REAL,IDX2015,1980,41.32277868
Spain,REAL,IDX2015,1981,38.47964189
Spain,REAL,IDX2015,1982,34.71047718
Spain,REAL,IDX2015,1983,36.88370943
Spain,REAL,IDX2015,1984,35.88741139
Spain,REAL,IDX2015,1985,36.52136247
Spain,REAL,IDX2015,1986,38.47763437
Spain,REAL,IDX2015,1987,51.34010115
Spain,REAL,IDX2015,1988,62.04101205
Spain,REAL,IDX2015,1989,71.84042271
Spain,REAL,IDX2015,1990,77.92616496
Spain,REAL,IDX2015,1991,83.4017016
Spain,REAL,IDX2015,1992,77.74900689
Spain,REAL,IDX2015,1993,73.60565041
Spain,REAL,IDX2015,1994,71.25284625
Spain,REAL,IDX2015,1995,70.34058987
Spain,REAL,IDX2015,1996,70.17847913
Spain,REAL,IDX2015,1997,71.1958305
Spain,REAL,IDX2015,1998,73.44194803
Spain,REAL,IDX2015,1999,76.92966488
Spain,REAL,IDX2015,2000,79.40468935
Spain,REAL,IDX2015,2001,83.95267996
Spain,REAL,IDX2015,2002,95.58990375
Spain,REAL,IDX2015,2003,111.1125678
Spain,REAL,IDX2015,2004,127.0228065
Spain,REAL,IDX2015,2005,140.8839947
Spain,REAL,IDX2015,2006,154.5914355
Spain,REAL,IDX2015,2007,164.2458884
Spain,REAL,IDX2015,2008,156.2975498
Spain,REAL,IDX2015,2009,147.3702862
Spain,REAL,IDX2015,2010,141.9639491
Spain,REAL,IDX2015,2011,128.1015107
Spain,REAL,IDX2015,2012,106.9943625
Spain,REAL,IDX2015,2013,96.27917171
Spain,REAL,IDX2015,2014,96.45476444
Spain,REAL,IDX2015,2015,100
Spain,REAL,IDX2015,2016,104.4500783
Spain,REAL,IDX2015,2017,109.2462022
Spain,REAL,IDX2015,2018,114.89129
Spain,REAL,IDX2015,2019,119.6485388
Spain,REAL,IDX2015,2020,122.1294141
Sweden,REAL,IDX2015,1970,46.97586614
Sweden,REAL,IDX2015,1971,45.93694973
Sweden,REAL,IDX2015,1972,46.3889783
Sweden,REAL,IDX2015,1973,46.267045
Sweden,REAL,IDX2015,1974,45.72977308
Sweden,REAL,IDX2015,1975,48.62954947
Sweden,REAL,IDX2015,1976,50.74041294
Sweden,REAL,IDX2015,1977,53.08902393
Sweden,REAL,IDX2015,1978,54.17097694
Sweden,REAL,IDX2015,1979,55.70663654
Sweden,REAL,IDX2015,1980,52.32889705
Sweden,REAL,IDX2015,1981,47.81816758
Sweden,REAL,IDX2015,1982,43.48249851
Sweden,REAL,IDX2015,1983,39.33727696
Sweden,REAL,IDX2015,1984,37.55147147
Sweden,REAL,IDX2015,1985,36.51200482
Sweden,REAL,IDX2015,1986,37.11668974
Sweden,REAL,IDX2015,1987,39.76102018
Sweden,REAL,IDX2015,1988,44.26358139
Sweden,REAL,IDX2015,1989,49.26900685
Sweden,REAL,IDX2015,1990,50.15364481
Sweden,REAL,IDX2015,1991,48.48782077
Sweden,REAL,IDX2015,1992,42.9403583
Sweden,REAL,IDX2015,1993,36.22023963
Sweden,REAL,IDX2015,1994,36.87774355
Sweden,REAL,IDX2015,1995,35.88909092
Sweden,REAL,IDX2015,1996,35.89545955
Sweden,REAL,IDX2015,1997,37.75509652
Sweden,REAL,IDX2015,1998,41.15558408
Sweden,REAL,IDX2015,1999,44.37725416
Sweden,REAL,IDX2015,2000,48.91495726
Sweden,REAL,IDX2015,2001,51.72210589
Sweden,REAL,IDX2015,2002,54.09624362
Sweden,REAL,IDX2015,2003,56.57976634
Sweden,REAL,IDX2015,2004,61.5637966
Sweden,REAL,IDX2015,2005,66.57537238
Sweden,REAL,IDX2015,2006,74.16945241
Sweden,REAL,IDX2015,2007,80.80740552
Sweden,REAL,IDX2015,2008,81.11786647
Sweden,REAL,IDX2015,2009,80.71581853
Sweden,REAL,IDX2015,2010,85.98040701
Sweden,REAL,IDX2015,2011,85.44658689
Sweden,REAL,IDX2015,2012,83.80249945
Sweden,REAL,IDX2015,2013,85.85313796
Sweden,REAL,IDX2015,2014,91.14774264
Sweden,REAL,IDX2015,2015,100
Sweden,REAL,IDX2015,2016,107.5484875
Sweden,REAL,IDX2015,2017,114.3555973
Sweden,REAL,IDX2015,2018,111.931037
Sweden,REAL,IDX2015,2019,112.033114
Sweden,REAL,IDX2015,2020,118.2594641
Switzerland,REAL,IDX2015,1970,63.85820065
Switzerland,REAL,IDX2015,1971,68.40134558
Switzerland,REAL,IDX2015,1972,76.56323827
Switzerland,REAL,IDX2015,1973,82.91901523
Switzerland,REAL,IDX2015,1974,75.60751255
Switzerland,REAL,IDX2015,1975,65.39593903
Switzerland,REAL,IDX2015,1976,61.28735306
Switzerland,REAL,IDX2015,1977,60.96472435
Switzerland,REAL,IDX2015,1978,63.24289584
Switzerland,REAL,IDX2015,1979,65.63671043
Switzerland,REAL,IDX2015,1980,68.99627421
Switzerland,REAL,IDX2015,1981,71.73507389
Switzerland,REAL,IDX2015,1982,71.17978672
Switzerland,REAL,IDX2015,1983,71.72330238
Switzerland,REAL,IDX2015,1984,73.50899985
Switzerland,REAL,IDX2015,1985,75.11501804
Switzerland,REAL,IDX2015,1986,78.60882194
Switzerland,REAL,IDX2015,1987,83.29797902
Switzerland,REAL,IDX2015,1988,94.09031586
Switzerland,REAL,IDX2015,1989,102.8684646
Switzerland,REAL,IDX2015,1990,97.52501556
Switzerland,REAL,IDX2015,1991,91.03662979
Switzerland,REAL,IDX2015,1992,83.86852592
Switzerland,REAL,IDX2015,1993,77.52824707
Switzerland,REAL,IDX2015,1994,77.57881428
Switzerland,REAL,IDX2015,1995,73.5836441
Switzerland,REAL,IDX2015,1996,69.15714886
Switzerland,REAL,IDX2015,1997,66.27364854
Switzerland,REAL,IDX2015,1998,65.69441264
Switzerland,REAL,IDX2015,1999,65.48619662
Switzerland,REAL,IDX2015,2000,64.85534928
Switzerland,REAL,IDX2015,2001,65.1941743
Switzerland,REAL,IDX2015,2002,65.41816543
Switzerland,REAL,IDX2015,2003,65.60286982
Switzerland,REAL,IDX2015,2004,67.62048325
Switzerland,REAL,IDX2015,2005,69.39005081
Switzerland,REAL,IDX2015,2006,72.63113191
Switzerland,REAL,IDX2015,2007,75.7201082
Switzerland,REAL,IDX2015,2008,77.11675678
Switzerland,REAL,IDX2015,2009,78.00622868
Switzerland,REAL,IDX2015,2010,79.90342792
Switzerland,REAL,IDX2015,2011,85.37676643
Switzerland,REAL,IDX2015,2012,90.36440913
Switzerland,REAL,IDX2015,2013,93.35192979
Switzerland,REAL,IDX2015,2014,96.11419129
Switzerland,REAL,IDX2015,2015,100
Switzerland,REAL,IDX2015,2016,101.8088559
Switzerland,REAL,IDX2015,2017,102.9589198
Switzerland,REAL,IDX2015,2018,104.7755787
Switzerland,REAL,IDX2015,2019,108.9344928
Switzerland,REAL,IDX2015,2020,114.3058287
Turkey,REAL,IDX2015,2010,83.6902218
Turkey,REAL,IDX2015,2011,83.22257683
Turkey,REAL,IDX2015,2012,84.30074181
Turkey,REAL,IDX2015,2013,88.5111552
Turkey,REAL,IDX2015,2014,93.20964402
Turkey,REAL,IDX2015,2015,100
Turkey,REAL,IDX2015,2016,106.7695652
Turkey,REAL,IDX2015,2017,105.8952376
Turkey,REAL,IDX2015,2018,99.79904612
Turkey,REAL,IDX2015,2019,91.13477561
Turkey,REAL,IDX2015,2020,99.08446571
United Kingdom,REAL,IDX2015,1969,22.53924354
United Kingdom,REAL,IDX2015,1970,22.48461337
United Kingdom,REAL,IDX2015,1971,23.13214621
United Kingdom,REAL,IDX2015,1972,28.88509055
United Kingdom,REAL,IDX2015,1973,36.47398175
United Kingdom,REAL,IDX2015,1974,33.35680002
United Kingdom,REAL,IDX2015,1975,28.56505353
United Kingdom,REAL,IDX2015,1976,26.54995448
United Kingdom,REAL,IDX2015,1977,24.68048744
United Kingdom,REAL,IDX2015,1978,26.0636389
United Kingdom,REAL,IDX2015,1979,29.6832661
United Kingdom,REAL,IDX2015,1980,30.71436122
United Kingdom,REAL,IDX2015,1981,28.88763556
United Kingdom,REAL,IDX2015,1982,27.10919866
United Kingdom,REAL,IDX2015,1983,28.67765684
United Kingdom,REAL,IDX2015,1984,29.86795275
United Kingdom,REAL,IDX2015,1985,30.97562809
United Kingdom,REAL,IDX2015,1986,34.02687199
United Kingdom,REAL,IDX2015,1987,38.42861663
United Kingdom,REAL,IDX2015,1988,47.17859635
United Kingdom,REAL,IDX2015,1989,53.42406154
United Kingdom,REAL,IDX2015,1990,49.80589093
United Kingdom,REAL,IDX2015,1991,44.92254714
United Kingdom,REAL,IDX2015,1992,41.66711117
United Kingdom,REAL,IDX2015,1993,40.10301189
United Kingdom,REAL,IDX2015,1994,40.5372758
United Kingdom,REAL,IDX2015,1995,39.60345844
United Kingdom,REAL,IDX2015,1996,39.68328432
United Kingdom,REAL,IDX2015,1997,42.38093609
United Kingdom,REAL,IDX2015,1998,46.56949263
United Kingdom,REAL,IDX2015,1999,51.42017401
United Kingdom,REAL,IDX2015,2000,58.68875266
United Kingdom,REAL,IDX2015,2001,63.25570302
United Kingdom,REAL,IDX2015,2002,73.14375098
United Kingdom,REAL,IDX2015,2003,83.47770641
United Kingdom,REAL,IDX2015,2004,91.85318039
United Kingdom,REAL,IDX2015,2005,95.9987906
United Kingdom,REAL,IDX2015,2006,100.858489
United Kingdom,REAL,IDX2015,2007,108.3290889
United Kingdom,REAL,IDX2015,2008,99.86881788
United Kingdom,REAL,IDX2015,2009,90.49891533
United Kingdom,REAL,IDX2015,2010,93.94015202
United Kingdom,REAL,IDX2015,2011,89.22890446
United Kingdom,REAL,IDX2015,2012,87.94354899
United Kingdom,REAL,IDX2015,2013,88.581773
United Kingdom,REAL,IDX2015,2014,94.28961551
United Kingdom,REAL,IDX2015,2015,100
United Kingdom,REAL,IDX2015,2016,105.5294195
United Kingdom,REAL,IDX2015,2017,108.1010205
United Kingdom,REAL,IDX2015,2018,109.0464356
United Kingdom,REAL,IDX2015,2019,108.5845259
United Kingdom,REAL,IDX2015,2020,110.1298308
United States,REAL,IDX2015,1970,55.54570978
United States,REAL,IDX2015,1971,57.58181094
United States,REAL,IDX2015,1972,59.6817647
United States,REAL,IDX2015,1973,63.33983606
United States,REAL,IDX2015,1974,62.63312308
United States,REAL,IDX2015,1975,61.4383087
United States,REAL,IDX2015,1976,61.81980579
United States,REAL,IDX2015,1977,64.33618901
United States,REAL,IDX2015,1978,68.1924617
United States,REAL,IDX2015,1979,70.95675261
United States,REAL,IDX2015,1980,69.16777096
United States,REAL,IDX2015,1981,66.9024123
United States,REAL,IDX2015,1982,65.29650874
United States,REAL,IDX2015,1983,64.97334768
United States,REAL,IDX2015,1984,65.51866131
United States,REAL,IDX2015,1985,67.08118671
United States,REAL,IDX2015,1986,70.73759996
United States,REAL,IDX2015,1987,74.02198317
United States,REAL,IDX2015,1988,75.77092382
United States,REAL,IDX2015,1989,76.73917869
United States,REAL,IDX2015,1990,75.42906822
United States,REAL,IDX2015,1991,73.64788904
United States,REAL,IDX2015,1992,73.51699314
United States,REAL,IDX2015,1993,73.45195909
United States,REAL,IDX2015,1994,74.34737752
United States,REAL,IDX2015,1995,74.68665585
United States,REAL,IDX2015,1996,75.2477564
United States,REAL,IDX2015,1997,76.04830662
United States,REAL,IDX2015,1998,79.08334767
United States,REAL,IDX2015,1999,82.69987837
United States,REAL,IDX2015,2000,86.05667358
United States,REAL,IDX2015,2001,90.18829293
United States,REAL,IDX2015,2002,95.2798412
United States,REAL,IDX2015,2003,100.4701067
United States,REAL,IDX2015,2004,107.2984384
United States,REAL,IDX2015,2005,115.2196198
United States,REAL,IDX2015,2006,118.6313574
United States,REAL,IDX2015,2007,115.6334963
United States,REAL,IDX2015,2008,103.1432106
United States,REAL,IDX2015,2009,97.26026559
United States,REAL,IDX2015,2010,92.71866549
United States,REAL,IDX2015,2011,86.58779508
United States,REAL,IDX2015,2012,87.3435017
United States,REAL,IDX2015,2013,92.16584152
United States,REAL,IDX2015,2014,95.272138
United States,REAL,IDX2015,2015,100
United States,REAL,IDX2015,2016,104.6199995
United States,REAL,IDX2015,2017,109.1337533
United States,REAL,IDX2015,2018,113.5423003
United States,REAL,IDX2015,2019,117.6313096
United States,REAL,IDX2015,2020,125.3758035
Brazil,REAL,IDX2015,2008,157.5431683
Brazil,REAL,IDX2015,2009,149.2191337
Brazil,REAL,IDX2015,2010,141.0618529
Brazil,REAL,IDX2015,2011,132.4116164
Brazil,REAL,IDX2015,2012,123.4007006
Brazil,REAL,IDX2015,2013,115.7076074
Brazil,REAL,IDX2015,2014,107.9798656
Brazil,REAL,IDX2015,2015,100
Brazil,REAL,IDX2015,2016,92.35809222
Brazil,REAL,IDX2015,2017,90.06977804
Brazil,REAL,IDX2015,2018,87.30032115
Brazil,REAL,IDX2015,2019,84.92263358
Brazil,REAL,IDX2015,2020,83.13742293
Chile,REAL,IDX2015,2002,55.93872928
Chile,REAL,IDX2015,2003,57.58020163
Chile,REAL,IDX2015,2004,60.42484153
Chile,REAL,IDX2015,2005,61.67820024
Chile,REAL,IDX2015,2006,63.42107005
Chile,REAL,IDX2015,2007,66.56326489
Chile,REAL,IDX2015,2008,67.71175866
Chile,REAL,IDX2015,2009,68.28411707
Chile,REAL,IDX2015,2010,71.21589297
Chile,REAL,IDX2015,2011,76.50495796
Chile,REAL,IDX2015,2012,81.26525751
Chile,REAL,IDX2015,2013,86.36747767
Chile,REAL,IDX2015,2014,92.02064341
Chile,REAL,IDX2015,2015,100
Chile,REAL,IDX2015,2016,103.2560143
Chile,REAL,IDX2015,2017,109.2646322
Chile,REAL,IDX2015,2018,116.4099762
Chile,REAL,IDX2015,2019,124.1336587
Chile,REAL,IDX2015,2020,129.2784428
China,REAL,IDX2015,2010,96.86379582
China,REAL,IDX2015,2011,99.00646218
China,REAL,IDX2015,2012,95.67507257
China,REAL,IDX2015,2013,99.98073471
China,REAL,IDX2015,2014,102.7036701
China,REAL,IDX2015,2015,100
China,REAL,IDX2015,2016,109.8774356
China,REAL,IDX2015,2017,122.4892989
China,REAL,IDX2015,2018,127.0653156
China,REAL,IDX2015,2019,128.3170955
China,REAL,IDX2015,2020,129.7463218
Colombia,REAL,IDX2015,1988,68.95351758
Colombia,REAL,IDX2015,1989,73.07559614
Colombia,REAL,IDX2015,1990,71.77084648
Colombia,REAL,IDX2015,1991,66.42031589
Colombia,REAL,IDX2015,1992,62.53531571
Colombia,REAL,IDX2015,1993,63.25592065
Colombia,REAL,IDX2015,1994,71.28980129
Colombia,REAL,IDX2015,1995,77.95657733
Colombia,REAL,IDX2015,1996,78.93479445
Colombia,REAL,IDX2015,1997,74.41837463
Colombia,REAL,IDX2015,1998,70.55062787
Colombia,REAL,IDX2015,1999,62.16446422
Colombia,REAL,IDX2015,2000,57.15740226
Colombia,REAL,IDX2015,2001,55.41952403
Colombia,REAL,IDX2015,2002,52.49569843
Colombia,REAL,IDX2015,2003,50.67353374
Colombia,REAL,IDX2015,2004,52.41674363
Colombia,REAL,IDX2015,2005,54.49192696
Colombia,REAL,IDX2015,2006,58.50376356
Colombia,REAL,IDX2015,2007,65.1873161
Colombia,REAL,IDX2015,2008,72.11465224
Colombia,REAL,IDX2015,2009,75.66193742
Colombia,REAL,IDX2015,2010,79.63124496
Colombia,REAL,IDX2015,2011,81.45900976
Colombia,REAL,IDX2015,2012,86.74371899
Colombia,REAL,IDX2015,2013,92.90516457
Colombia,REAL,IDX2015,2014,97.40981411
Colombia,REAL,IDX2015,2015,100
Colombia,REAL,IDX2015,2016,104.289897
Colombia,REAL,IDX2015,2017,107.6439527
Colombia,REAL,IDX2015,2018,109.8947854
Colombia,REAL,IDX2015,2019,112.0349757
Colombia,REAL,IDX2015,2020,112.867559
Estonia,REAL,IDX2015,2005,84.15099994
Estonia,REAL,IDX2015,2006,119.2887409
Estonia,REAL,IDX2015,2007,133.7168955
Estonia,REAL,IDX2015,2008,112.0823343
Estonia,REAL,IDX2015,2009,71.05804848
Estonia,REAL,IDX2015,2010,72.02717357
Estonia,REAL,IDX2015,2011,74.43351568
Estonia,REAL,IDX2015,2012,76.83209645
Estonia,REAL,IDX2015,2013,82.47880544
Estonia,REAL,IDX2015,2014,93.2072237
Estonia,REAL,IDX2015,2015,100
Estonia,REAL,IDX2015,2016,103.3958327
Estonia,REAL,IDX2015,2017,104.6466058
Estonia,REAL,IDX2015,2018,107.0476868
Estonia,REAL,IDX2015,2019,111.6016945
Estonia,REAL,IDX2015,2020,119.1216767
India,REAL,IDX2015,2009,57.55916017
India,REAL,IDX2015,2010,62.8794774
India,REAL,IDX2015,2011,69.34665638
India,REAL,IDX2015,2012,79.38329375
India,REAL,IDX2015,2013,84.40980739
India,REAL,IDX2015,2014,91.27880748
India,REAL,IDX2015,2015,100
India,REAL,IDX2015,2016,102.5547783
India,REAL,IDX2015,2017,107.4985829
India,REAL,IDX2015,2018,109.0998329
India,REAL,IDX2015,2019,108.8446058
India,REAL,IDX2015,2020,107.875137
Indonesia,REAL,IDX2015,2002,156.2523702
Indonesia,REAL,IDX2015,2003,154.2287249
Indonesia,REAL,IDX2015,2004,150.6469599
Indonesia,REAL,IDX2015,2005,140.244378
Indonesia,REAL,IDX2015,2006,129.7619188
Indonesia,REAL,IDX2015,2007,116.1567071
Indonesia,REAL,IDX2015,2008,104.7930833
Indonesia,REAL,IDX2015,2009,100.6643005
Indonesia,REAL,IDX2015,2010,96.16779324
Indonesia,REAL,IDX2015,2011,93.94483857
Indonesia,REAL,IDX2015,2012,92.4976775
Indonesia,REAL,IDX2015,2013,97.90029882
Indonesia,REAL,IDX2015,2014,99.08728533
Indonesia,REAL,IDX2015,2015,100
Indonesia,REAL,IDX2015,2016,100.0608802
Indonesia,REAL,IDX2015,2017,99.83700374
Indonesia,REAL,IDX2015,2018,99.79036401
Indonesia,REAL,IDX2015,2019,98.51533657
Indonesia,REAL,IDX2015,2020,98.11366509
Israel,REAL,IDX2015,1994,65.62423152
Israel,REAL,IDX2015,1995,68.58339726
Israel,REAL,IDX2015,1996,74.13080074
Israel,REAL,IDX2015,1997,76.19082643
Israel,REAL,IDX2015,1998,74.87820839
Israel,REAL,IDX2015,1999,73.91950657
Israel,REAL,IDX2015,2000,69.15155901
Israel,REAL,IDX2015,2001,66.32222548
Israel,REAL,IDX2015,2002,66.91871182
Israel,REAL,IDX2015,2003,62.87061083
Israel,REAL,IDX2015,2004,62.09057886
Israel,REAL,IDX2015,2005,61.23883156
Israel,REAL,IDX2015,2006,60.10973775
Israel,REAL,IDX2015,2007,58.4104658
Israel,REAL,IDX2015,2008,59.56651011
Israel,REAL,IDX2015,2009,66.46992519
Israel,REAL,IDX2015,2010,75.99340961
Israel,REAL,IDX2015,2011,81.46776789
Israel,REAL,IDX2015,2012,82.64077416
Israel,REAL,IDX2015,2013,88.79194996
Israel,REAL,IDX2015,2014,94.04273205
Israel,REAL,IDX2015,2015,100
Israel,REAL,IDX2015,2016,108.1335265
Israel,REAL,IDX2015,2017,112.0142506
Israel,REAL,IDX2015,2018,109.7106299
Israel,REAL,IDX2015,2019,110.8847579
Israel,REAL,IDX2015,2020,114.5012032
Latvia,REAL,IDX2015,2006,137.31721
Latvia,REAL,IDX2015,2007,167.5079515
Latvia,REAL,IDX2015,2008,149.5008853
Latvia,REAL,IDX2015,2009,97.13721909
Latvia,REAL,IDX2015,2010,88.74803547
Latvia,REAL,IDX2015,2011,92.36380394
Latvia,REAL,IDX2015,2012,92.118301
Latvia,REAL,IDX2015,2013,98.36039955
Latvia,REAL,IDX2015,2014,102.9099917
Latvia,REAL,IDX2015,2015,100
Latvia,REAL,IDX2015,2016,107.2279398
Latvia,REAL,IDX2015,2017,113.232626
Latvia,REAL,IDX2015,2018,120.4935868
Latvia,REAL,IDX2015,2019,127.506688
Latvia,REAL,IDX2015,2020,130.911127
Lithuania,REAL,IDX2015,2006,125.8890614
Lithuania,REAL,IDX2015,2007,150.3674656
Lithuania,REAL,IDX2015,2008,147.8001499
Lithuania,REAL,IDX2015,2009,99.1643798
Lithuania,REAL,IDX2015,2010,90.48978649
Lithuania,REAL,IDX2015,2011,92.45131079
Lithuania,REAL,IDX2015,2012,89.44004052
Lithuania,REAL,IDX2015,2013,89.74872668
Lithuania,REAL,IDX2015,2014,95.51929077
Lithuania,REAL,IDX2015,2015,100
Lithuania,REAL,IDX2015,2016,104.4120802
Lithuania,REAL,IDX2015,2017,109.8584785
Lithuania,REAL,IDX2015,2018,114.8475725
Lithuania,REAL,IDX2015,2019,120.1619116
Lithuania,REAL,IDX2015,2020,127.8379263
Russia,REAL,IDX2015,2001,72.47905826
Russia,REAL,IDX2015,2002,78.6984204
Russia,REAL,IDX2015,2003,87.3141177
Russia,REAL,IDX2015,2004,98.07992077
Russia,REAL,IDX2015,2005,105.3526155
Russia,REAL,IDX2015,2006,128.1696332
Russia,REAL,IDX2015,2007,165.4543818
Russia,REAL,IDX2015,2008,172.8881435
Russia,REAL,IDX2015,2009,148.8179872
Russia,REAL,IDX2015,2010,137.375696
Russia,REAL,IDX2015,2011,112.5589184
Russia,REAL,IDX2015,2012,114.7139919
Russia,REAL,IDX2015,2013,115.7483524
Russia,REAL,IDX2015,2014,110.3934331
Russia,REAL,IDX2015,2015,100
Russia,REAL,IDX2015,2016,95.90009293
Russia,REAL,IDX2015,2017,98.42765059
Russia,REAL,IDX2015,2018,101.5988335
Russia,REAL,IDX2015,2019,100.9221016
Russia,REAL,IDX2015,2020,118.9869904
Slovenia,REAL,IDX2015,2007,136.6313276
Slovenia,REAL,IDX2015,2008,138.4741831
Slovenia,REAL,IDX2015,2009,124.2913644
Slovenia,REAL,IDX2015,2010,122.6666728
Slovenia,REAL,IDX2015,2011,123.8025764
Slovenia,REAL,IDX2015,2012,113.3211951
Slovenia,REAL,IDX2015,2013,105.1377631
Slovenia,REAL,IDX2015,2014,98.60754442
Slovenia,REAL,IDX2015,2015,100
Slovenia,REAL,IDX2015,2016,103.6317825
Slovenia,REAL,IDX2015,2017,110.4836233
Slovenia,REAL,IDX2015,2018,117.8114141
Slovenia,REAL,IDX2015,2019,124.0458505
Slovenia,REAL,IDX2015,2020,130.5004051
South Africa,REAL,IDX2015,1966,64.94427277
South Africa,REAL,IDX2015,1967,74.62179827
South Africa,REAL,IDX2015,1968,77.5248341
South Africa,REAL,IDX2015,1969,82.04030353
South Africa,REAL,IDX2015,1970,89.84983484
South Africa,REAL,IDX2015,1971,89.68650217
South Africa,REAL,IDX2015,1972,87.71842909
South Africa,REAL,IDX2015,1973,91.61545692
South Africa,REAL,IDX2015,1974,90.86063957
South Africa,REAL,IDX2015,1975,83.76554306
South Africa,REAL,IDX2015,1976,80.23553494
South Africa,REAL,IDX2015,1977,72.56938722
South Africa,REAL,IDX2015,1978,69.52994572
South Africa,REAL,IDX2015,1979,69.28294507
South Africa,REAL,IDX2015,1980,73.1485387
South Africa,REAL,IDX2015,1981,87.25340672
South Africa,REAL,IDX2015,1982,91.25086284
South Africa,REAL,IDX2015,1983,97.176277
South Africa,REAL,IDX2015,1984,95.07765393
South Africa,REAL,IDX2015,1985,75.11626002
South Africa,REAL,IDX2015,1986,60.44698031
South Africa,REAL,IDX2015,1987,57.62409779
South Africa,REAL,IDX2015,1988,57.66900918
South Africa,REAL,IDX2015,1989,56.91983129
South Africa,REAL,IDX2015,1990,55.67452198
South Africa,REAL,IDX2015,1991,54.22107127
South Africa,REAL,IDX2015,1992,49.20898637
South Africa,REAL,IDX2015,1993,46.95393313
South Africa,REAL,IDX2015,1994,47.10837408
South Africa,REAL,IDX2015,1995,46.88787093
South Africa,REAL,IDX2015,1996,45.3100964
South Africa,REAL,IDX2015,1997,45.3418822
South Africa,REAL,IDX2015,1998,48.34053345
South Africa,REAL,IDX2015,1999,47.1983186
South Africa,REAL,IDX2015,2000,51.02742665
South Africa,REAL,IDX2015,2001,54.25716929
South Africa,REAL,IDX2015,2002,56.43596542
South Africa,REAL,IDX2015,2003,63.87455517
South Africa,REAL,IDX2015,2004,79.73452144
South Africa,REAL,IDX2015,2005,97.87868015
South Africa,REAL,IDX2015,2006,111.0109103
South Africa,REAL,IDX2015,2007,118.7429181
South Africa,REAL,IDX2015,2008,108.6517495
South Africa,REAL,IDX2015,2009,99.11779853
South Africa,REAL,IDX2015,2010,98.85921221
South Africa,REAL,IDX2015,2011,96.62447222
South Africa,REAL,IDX2015,2012,95.62322006
South Africa,REAL,IDX2015,2013,96.03207884
South Africa,REAL,IDX2015,2014,97.94327295
South Africa,REAL,IDX2015,2015,100
South Africa,REAL,IDX2015,2016,99.49056051
South Africa,REAL,IDX2015,2017,99.20343371
South Africa,REAL,IDX2015,2018,98.93301659
South Africa,REAL,IDX2015,2019,98.83223561
South Africa,REAL,IDX2015,2020,98.19449644
NA,REAL,IDX2015,1970,52.71031434
NA,REAL,IDX2015,1971,54.3011666
NA,REAL,IDX2015,1972,57.30286003
NA,REAL,IDX2015,1973,62.02458032
NA,REAL,IDX2015,1974,63.29211041
NA,REAL,IDX2015,1975,60.32348038
NA,REAL,IDX2015,1976,60.2401279
NA,REAL,IDX2015,1977,61.53960586
NA,REAL,IDX2015,1978,64.06982136
NA,REAL,IDX2015,1979,66.52953322
NA,REAL,IDX2015,1980,66.53288735
NA,REAL,IDX2015,1981,66.43609783
NA,REAL,IDX2015,1982,64.2855424
NA,REAL,IDX2015,1983,63.75095804
NA,REAL,IDX2015,1984,63.04224955
NA,REAL,IDX2015,1985,63.35839885
NA,REAL,IDX2015,1986,66.03103876
NA,REAL,IDX2015,1987,69.84332785
NA,REAL,IDX2015,1988,74.04177362
NA,REAL,IDX2015,1989,78.27786975
NA,REAL,IDX2015,1990,79.92860822
NA,REAL,IDX2015,1991,79.17623417
NA,REAL,IDX2015,1992,77.38024966
NA,REAL,IDX2015,1993,75.78869468
NA,REAL,IDX2015,1994,75.75602793
NA,REAL,IDX2015,1995,75.01087951
NA,REAL,IDX2015,1996,74.46143558
NA,REAL,IDX2015,1997,74.54430334
NA,REAL,IDX2015,1998,76.05521247
NA,REAL,IDX2015,1999,78.57137828
NA,REAL,IDX2015,2000,81.14095167
NA,REAL,IDX2015,2001,83.65376657
NA,REAL,IDX2015,2002,87.6478261
NA,REAL,IDX2015,2003,91.62851345
NA,REAL,IDX2015,2004,95.766103
NA,REAL,IDX2015,2005,100.316112
NA,REAL,IDX2015,2006,104.0989189
NA,REAL,IDX2015,2007,105.9642432
NA,REAL,IDX2015,2008,101.0788441
NA,REAL,IDX2015,2009,97.06085376
NA,REAL,IDX2015,2010,96.26669724
NA,REAL,IDX2015,2011,93.71311211
NA,REAL,IDX2015,2012,92.87151125
NA,REAL,IDX2015,2013,94.38002843
NA,REAL,IDX2015,2014,96.35871051
NA,REAL,IDX2015,2015,100
NA,REAL,IDX2015,2016,104.1929771
NA,REAL,IDX2015,2017,107.7773405
NA,REAL,IDX2015,2018,110.5812473
NA,REAL,IDX2015,2019,112.9823691
NA,REAL,IDX2015,2020,118.3110964
Bulgaria,REAL,IDX2015,2005,103.5292448
Bulgaria,REAL,IDX2015,2006,116.1943856
Bulgaria,REAL,IDX2015,2007,137.4979424
Bulgaria,REAL,IDX2015,2008,161.7432119
Bulgaria,REAL,IDX2015,2009,127.6501464
Bulgaria,REAL,IDX2015,2010,112.0559187
Bulgaria,REAL,IDX2015,2011,102.408901
Bulgaria,REAL,IDX2015,2012,97.00369372
Bulgaria,REAL,IDX2015,2013,97.38727405
Bulgaria,REAL,IDX2015,2014,98.82063225
Bulgaria,REAL,IDX2015,2015,100
Bulgaria,REAL,IDX2015,2016,106.5627859
Bulgaria,REAL,IDX2015,2017,112.251463
Bulgaria,REAL,IDX2015,2018,117.2340326
Bulgaria,REAL,IDX2015,2019,121.8503481
Bulgaria,REAL,IDX2015,2020,127.0983049
Romania,REAL,IDX2015,2009,156.2857063
Romania,REAL,IDX2015,2010,136.0959809
Romania,REAL,IDX2015,2011,114.9142871
Romania,REAL,IDX2015,2012,104.6597266
Romania,REAL,IDX2015,2013,101.7927928
Romania,REAL,IDX2015,2014,98.39125855
Romania,REAL,IDX2015,2015,100
Romania,REAL,IDX2015,2016,105.1916854
Romania,REAL,IDX2015,2017,108.6220741
Romania,REAL,IDX2015,2018,110.5014829
Romania,REAL,IDX2015,2019,108.7505577
Romania,REAL,IDX2015,2020,111.1885478
